V001.txt	C001_a.txt
V001.txt	C001_b.txt
V002.txt	C002.txt
V003.txt	C003_a.txt
V003.txt	C003_b.txt
V004.txt	C004_a.txt
V004.txt	C004_b.txt
V005.txt	C005.txt
V006.txt	C006.txt
V007.txt	C007_a.txt
V007.txt	C007_b.txt
V007.txt	C007_c.txt
V008.txt	C008.txt
V009.txt	C009.txt
V010.txt	C010.txt
V011_a.txt	C011.txt
V011_b.txt	C011.txt
V011_c.txt	C011.txt
V012.txt	C012_a.txt
V012.txt	C012_b.txt
V013_a.txt	C013.txt
V013_b.txt	C013.txt
V013_c.txt	C013.txt
V014_a.txt	C014.txt
V014_b.txt	C014.txt
V015_a.txt	C015.txt
V015_b.txt	C015.txt
V016.txt	C016_a.txt
V016.txt	C016_b.txt
V017_a.txt	C017.txt
V017_b.txt	C017.txt
V018_a.txt	C018.txt
V018_b.txt	C018.txt
V019.txt	C019.txt
V020.txt	C020.txt
V021.txt	C021.txt
V022.txt	C022.txt
V023_a.txt	C023.txt
V023_b.txt	C023.txt
V024.txt	C024_a.txt
V024.txt	C024_b.txt